ID,HomeAssetValue
2297,70279629
1657,10649282
1922,83686801
2017,59794571
2136,84898999
1453,53625886
1203,65919680
1216,55116547
2421,55795979
2211,86588678
1384,79837511
2130,66281558
1848,5504202
1142,53395526
2354,16178464
1470,54889266
2068,33916737
1664,39592807
1655,61928488
1824,25543318
1407,51969044
1206,22387003
1875,96191657
2089,21100801
2041,90929846
2110,72922334
1509,94495186
1844,52971531
1461,91839213
1344,31515482
2075,98797635
1339,23071592
1614,82630777
1338,93234058
2342,22579175
2187,2092402
1833,17984197
1723,86076960
2212,78488661
1757,9439328
1506,34880553
2105,24725247
1362,82793821
1603,42215824
1270,36907855
2141,93492035
1902,30250341
1489,56974051
1072,29275249
1668,63728627
1210,13354916
1380,39292222
1485,35404748
2215,50126213
1641,19484481
2420,41257680
2225,41465983
2043,74495054
2432,32531360
1466,41016181
2177,9363774
1928,31604367
2298,56243364
2352,79087698
2292,20032049
1819,67192450
1272,59339769
2452,36037971
2169,7699505
2134,34517692
1040,18231689
2035,38891607
2350,36094246
1465,11189183
2419,59994422
2341,10779315
2096,15529904
1693,73477399
1688,51826001
1463,75567877
1159,17165698
1374,82155052
1943,69246312
2302,78472164
2051,31882312
2447,64360452
1983,3550346
2085,27510542
1839,51147095
1113,68920683
1126,97266430
1475,48417723
1745,31450074
1087,28116872
1333,67135679
2152,79953164
1993,70622967
1499,22932111
1670,82614614
1314,24818443
1241,38687714
1595,73734145
1353,40490981
2224,87672984
1464,32194468
2248,43093709
2252,89455058
1672,69884797
2213,24340648
1352,73874961
1276,77297668
1079,63912660
1163,73297042
1293,15723631
1635,85715619
2379,4037401
2193,53423741
2457,86250077
2222,83858190
1517,26669486
1532,81216855
1602,37906096
1479,18758693
1996,62697196
1493,44978312
2047,84061129
2412,79826780
1366,74823642
1432,7834693
1715,56519343
2003,89738672
2164,69054372
1762,95259205
1038,90747776
1937,38599103
2335,41967443
1385,11513157
1458,97829511
1046,82462758
1404,93881306
1992,49064837
1094,65349205
1743,974974
1854,78437887
1138,8184410
1016,64633976
1647,2823657
1196,69362141
2235,47511940
1018,24213491
2284,86561689
2115,1610285
1545,50479358
1287,71495982
1835,29876503
1638,97387033
1472,82441408
2062,34304350
1834,14856343
1233,67463254
1899,81574416
1231,83570950
1177,17605570
1143,85501033
2124,72154987
2083,50199566
2159,76567062
1444,251732
2149,77398486
1311,53441639
1242,64967918
1741,81686985
1935,74194446
1033,64097579
1090,56808967
2351,28593561
2221,57355028
1998,92449221
2074,5738750
1443,70384782
1803,85053661
1280,77833836
1671,13604684
1788,92090833
2129,43786939
2166,90569952
1944,53128503
1751,31657100
1518,20683128
1882,90469976
1562,50168986
1862,65442731
1367,84128888
1471,41287291
1504,60121285
1189,39997497
2334,87252298
1225,91156048
1401,67690123
1386,79071472
1298,86111414
1905,61895711
2156,81552611
1876,19326380
1124,28893550
1139,97558676
1117,38152978
1234,89914374
1722,53531032
2289,18877130
2256,89770756
2278,65133657
1112,75786368
1469,4320490
2165,86459274
1748,1093834
11282,11472600
8330,29074027
12689,25595263
2535,95884814
4742,24579867
6749,40096371
3346,12264107
6557,11210933
10576,46251635
4135,3694417
7601,57590180
9793,76306586
11840,38806856
15390,73920121
6705,29274322
3843,36044152
8172,42017435
2918,20991923
13889,99109085
6878,94452333
7845,35026851
12850,35271690
2629,67669676
4798,2452150
12201,34369182
2895,87192085
2493,19945560
10008,20664355
6397,11126008
12960,83379380
6333,37369675
7276,98670887
9155,10945073
11021,5816022
10732,72362460
9552,76049345
11120,37578250
11018,72898389
11574,62576328
3009,79093869
5092,16775079
13194,97360155
5703,79084219
15820,72953484
17149,35976643
4328,75979342
12207,29100763
11876,73426450
9357,18694000
7866,50481794
4316,67480201
8693,75097969
13241,31253915
7571,38507994
10065,70213204
4001,23032375
16073,35418274
12385,27165512
8601,1426039
3125,25227432
2932,82479432
5917,41175289
11763,43656301
4505,3261500
4743,24932930
3627,79824180
9060,80089559
16280,79322674
7251,39353591
13473,13701325
17277,27346724
7155,52193523
6262,44664228
5723,94168881
6122,99396974
3146,38841244
9023,57622088
8609,53732429
9238,75839666
3845,7885026
17453,11710147
13114,92820403
8301,70741039
2944,12164431
6933,95187701
7069,28470616
4820,45092442
8788,99893145
7850,88882617
13483,15697287
3622,64424712
4223,79648126
2512,12670866
14249,34021944
13391,65369160
8229,17593812
3825,23656603
6826,78431387
16409,50237535
10790,71801336
3123,89458206
9247,73842261
14416,99670085
14618,1912161
4966,28610433
3013,15259339
8010,10584717
6132,11909728
15718,86025933
10253,17880974
10726,11538685
16564,35878266
10238,71138412
14942,63778489
10227,70156874
17253,3398009
12197,32061213
3606,49045623
8417,49612793
3042,80720512
14527,40633625
14501,11155516
5317,41682672
7774,17428388
16810,67845269
6527,11622595
7371,15965642
3400,58981352
12730,75200337
9176,69694271
15208,46536239
17693,42378125
3173,74652710
16078,16036914
12400,93521978
16062,76107794
15316,5362402
15579,20810091
16254,15031953
2916,38080050
17183,80863120
7941,21827862
5891,60054637
16938,22903497
16899,38952912
2632,78318893
3841,22972947
9911,97631851
16471,39872258
11809,86344539
4137,38483714
3056,2713585
13893,4840520
12526,62715356
4320,63521638
11114,84917905
5149,52612714
9718,55017794
8513,28971859
3871,80667588
11181,67327734
9082,10224988
3762,89164658
14589,46205664
6272,16977415
3968,45374980
5519,61717324
4349,76379078
15979,22703193
8381,54354046
10373,59044911
5795,4983576
8245,81146693
4563,35141513
6184,40040796
15519,19391594
4897,45515239
3079,45966265
15023,15092581
9920,79263272
4508,22751809
5388,85469332
8584,95560479
2570,96702442
16292,26266088
16190,30442198
9924,29840529
13805,8556667
7191,69700047
11326,85132123
3629,76192863
6160,26275508
16034,65180127
15729,64228852
7905,74933695
5153,63662923
6544,40206541
9037,97088586
5476,62159508
3543,36167933
11794,54074470
5464,73448443
15605,9923669
6467,37525555
8426,76032084
7775,99946963
8825,99779278
6883,23109866
13313,63434526
10794,27313912
10848,9373328
10367,80098127
9441,85669450
16212,73983360
13282,39757644
15660,93653963
14888,10479391
14671,1707019
14824,16142257
5502,49039934
15920,39180695
4300,41205359
6985,49902717
16295,69104518
2784,31267830
12911,79220566
13042,8989203
11357,42419447
6142,58835265
11262,62714143
15099,27903873
15708,4960427
13917,21924468
14449,37887989
13568,29441392
16161,29742176
9719,71805162
17677,89991086
4606,29219688
6621,73378389
6814,85114618
7953,61804129
12745,84196373
6596,95156242
10895,58268985
8742,67355142
13366,9413075
7962,96542681
7885,88834580
14567,86763600
4657,67411892
13705,80757260
13504,54452852
16540,45558570
16136,14008053
15524,48229032
11508,16718773
15475,94395872
9982,8690382
12424,18070364
10087,24512184
10803,81192543
13156,7203147
17272,38236633
14672,38057374
9713,4164959
7871,88382689
3098,89033392
17206,28608140
15653,63523290
17152,23502872
5582,58701600
12653,95858654
11926,53060507
17198,24389858
13272,68486571
11239,34250359
9389,88088356
3974,39593575
14263,78058060
13027,71280182
9286,77353532
16706,67120456
16018,87033389
14867,20695646
16803,82374247
8555,75586503
14535,6721475
8382,68089648
6726,92049597
5991,99601268
11358,15644566
9149,3898381
14398,18637863
16393,98288336
16952,43020191
3035,22813545
14067,27296972
11479,98269460
5224,9994831
14642,99826724
12233,74614549
14949,71147371
7441,78655217
5091,97581954
17185,8022436
16117,78658685
8815,25625499
15203,75138937
6884,30205247
9080,74293242
10261,61577739
13762,42766078
8236,29536016
16695,88350920
3671,19975860
4890,56879228
8000,11242004
17695,4750616
2477,79993290
14426,62797364
17534,89934714
12683,97561518
7645,88544324
4040,78397076
16597,41783606
3164,2423476
15063,66196690
16793,11948291
6875,55538497
4084,4597602
2721,92576220
12007,54702423
9822,52637896
8291,96823248
13294,22675311
10164,49723444
7454,32518056
11616,58193053
6631,72020246
3210,5540036
3261,64043333
3392,33370372
9166,31171753
12185,82302890
15107,85659148
17456,80755475
11823,86588758
7596,78106026
4648,6093286
6604,22368624
6312,58852789
10305,27512865
15196,49006557
16801,31827708
11192,3087624
4638,71965134
13644,90016414
17618,70563195
4553,15810570
9691,15966087
11688,42521934
13713,13317145
12230,78841609
13914,44613908
17607,94627339
3455,37090419
9740,15942232
15085,67742804
6780,85622010
9484,99652456
5340,30827275
3071,52456042
10927,76397708
10811,76824061
6441,74721
13009,46022251
17748,10718880
11753,37949852
8441,46640553
5086,68792457
7917,38480901
17270,65231546
8078,21602188
10781,12754467
10408,97281883
12327,90113367
17482,73657298
4513,38186242
12914,69793236
12096,35986070
11340,69962306
7656,43795765
2724,77882301
15193,19125413
8867,81090296
2694,52318831
15041,98780038
13520,35184390
13410,38749863
11426,66861303
14828,67990577
9305,44392004
2575,57865217
16536,15610812
6468,37339715
8408,99460793
11759,35342052
15510,99027957
4852,18062001
7631,7480471
15373,71632730
17344,83660401
11152,60782581
4510,77617693
8377,74910760
16733,46076163
11259,30092201
15405,22966194
7154,37995757
8015,64098364
4945,75808790
8145,14565316
5260,43069842
17147,16684559
16304,5015411
7662,18590643
14387,18359861
12429,52124881
6432,73425518
17711,6483624
4008,87613953
9249,58205232
17341,5158760
9434,18660608
13748,93116731
4296,38257837
10466,19580622
11328,40278614
8769,51821039
6850,78288672
3799,89804873
10754,62515518
16318,79429533
3652,22592481
4846,23588752
10947,53329733
16841,23157703
10949,1579125
14857,21560757
3747,12435366
14099,32232781
4485,82258264
17520,27366234
7734,23492057
11607,12406880
11245,9387981
17226,28759252
4123,76395213
13712,94420357
3563,8745573
16659,57050522
5037,76788973
13326,66532579
15249,2454064
16137,6264277
11709,3051675
12857,65303881
3437,20075787
3046,60956805
9809,633838
2494,80041876
16894,80377287
5900,74300015
5128,30759191
5406,49422312
16086,11883442
5462,11349150
17662,23635381
10746,66747186
2591,41324130
13591,20997636
12944,15254135
16235,90663239
8860,54774839
7120,6066407
3526,40808704
14278,88762941
6094,46453596
12441,61728761
12785,20620466
13050,5608353
11968,70061288
14129,68241462
17345,68137579
14112,76517221
15730,18855904
16715,11843891
15101,84681666
13242,75340772
14897,4642575
17512,92780441
8954,48957278
7400,36415091
3765,50268093
3899,40840048
3344,63483252
12426,92623022
14719,90056169
13232,23014510
8616,62922807
9374,67210716
15138,29576666
11638,68965729
16670,87121014
13302,15910174
5459,40212787
7690,62341238
11482,37922040
12926,99477319
13980,6971152
2958,72393406
8897,47132647
10835,13906739
7619,72584609
8133,44249828
8154,10934164
13328,77280288
16886,19610945
8712,29194738
15545,64379997
6572,82177928
3273,72655863
12678,83390360
17431,54164664
8062,77707595
2797,76223976
6744,2975335
17017,59971100
2470,1897744
15497,96744799
7561,39365214
13071,45688350
9684,61086843
6648,13254358
8235,47628391
8157,64686561
9345,76540056
14274,16963360
17765,41351535
10508,31796931
14785,20370399
8419,94829135
2830,38640638
16015,5551105
2752,17277285
17215,33799644
9599,78477970
14318,53092215
15168,59455547
15681,75698890
6203,98716764
14693,55386579
6386,70530647
4863,50656975
5335,76746916
14413,80414789
7332,76181814
4988,89901260
6690,86810150
13861,93455323
4064,11794412
9388,70220346
6179,29619444
14866,2815299
15155,67732716
17078,69248703
5528,89403769
4440,62640930
14947,99500610
6169,96689981
14500,77163745
6438,64588245
4845,67982753
5305,30071927
15520,19932044
7556,91047269
16368,26309122
14551,97840595
7532,94987446
4823,4962475
5475,43506246
6151,18144779
17559,2293709
10519,38060508
13450,22224004
14502,18386909
11371,20030182
9263,35504255
4043,43157582
12990,26418194
10072,62062749
4831,66299532
6930,13308163
5278,35867180
13924,14489424
10100,28062347
9611,27040203
13047,45868154
10024,1456759
8650,58364940
10900,49101691
17072,43682830
14227,79083149
12416,54927829
9477,22948636
7476,68841555
5881,60547116
6350,21824817
14410,26804294
15087,23193539
13070,90902871
13789,2004539
16195,14280099
15927,54636591
17617,62061354
6382,35351930
2665,69940738
4367,18844578
15736,54536248
5536,76735891
16501,71492467
9292,52414451
3017,26642272
12134,69830028
15728,86750564
13303,3397266
10644,71571006
15124,35313074
14881,1378769
14329,71604484
15412,99012211
4208,52890859
8773,31076008
13930,86257414
14123,14274318
16470,58935661
12722,9331803
7311,76674442
5412,33667195
4406,19906757
8525,10989329
16466,29680302
8499,37028289
10221,9782503
7369,13335557
8007,56043264
13547,11141335
10567,81233909
10401,44349626
3962,52297336
4118,28286848
14753,95643445
16979,6564626
14429,12875035
13374,80948880
12757,94289216
14710,38291364
8241,50676636
7986,34672002
3405,54975292
17166,29576010
7247,1240011
5838,50096079
6628,60578389
10522,44066851
12910,99298290
10332,6913422
17373,24248147
11397,91440071
2852,56810457
4260,83334200
14789,14830423
11767,49469627
16788,1955642
13319,64379901
13875,35399855
8549,7252913
14078,68488042
15556,8435990
8796,31098521
16961,37038087
3097,6393366
9640,33096758
17641,1020897
4368,252242
4384,44964584
12894,39325174
12421,328199
8085,81990872
5532,27092255
12118,70078261
2995,91928964
4858,91944377
9678,42987974
13564,94625798
9808,73102494
17247,645601
14473,11006861
10869,5252421
11235,63949146
11998,21960583
9583,70851825
4517,44263997
10033,26363630
4721,24641602
8651,18592588
2700,70347331
10060,35230078
12821,40494638
17691,17550257
9834,81628508
4419,34706995
2707,98149960
12017,277012
7261,20286845
11677,81617683
12241,93740390
11933,86897241
6072,15234344
7572,39166592
4722,81120353
3461,16715931
3667,34527308
12182,79930051
11374,95279947
7009,11835175
8738,14901813
3628,61610710
14852,62199351
9474,87753935
4681,90336104
7097,48753282
12206,99818863
14822,80909082
7736,54056128
4636,8447195
12899,53358478
10338,16262651
7030,97800218
15666,34848960
12690,40281550
13837,99966185
10828,93147403
8551,43615875
2792,33589853
2630,44619004
8789,74089124
13080,35831374
5108,49428562
2749,95028320
5378,52801346
15320,43491050
11329,1317513
9408,26643810
15642,1980602
15970,13824316
11848,9813721
5461,88399787
9401,21157365
12043,38671700
16158,70720304
2541,85055403
12733,45306033
14841,97815112
11149,34926501
17313,39710390
16431,32882181
9262,81308352
10233,314970
9865,76092345
14673,81852484
6200,83193921
8864,5494781
5206,36541426
2801,73915062
9928,83386377
16133,24875318
16937,45515710
17580,67501623
6171,69444963
17409,88010436
6967,71463285
11351,46429693
14677,61963679
9903,13227484
7758,79854917
16736,49280003
2608,14689563
4057,73037245
12718,19699851
16933,72649952
4166,33208573
10257,71311471
14833,34751939
6207,19029645
4003,34680055
17196,80478309
14684,19768455
12826,87678507
5792,77012018
3501,40815358
6876,26036862
17741,15829707
6736,42593409
9830,75014793
14929,96221088
10868,30240365
14063,47252277
12270,63421290
11889,82531351
7684,16401731
5774,46939837
5259,74083195
8041,93994651
5309,23260066
10549,65325746
16232,23398301
3983,20831290
8807,77686422
14367,98712485
9780,43744753
11756,38631618
10805,78418896
9667,72852515
6452,85357697
16614,63862893
16528,62900925
3850,6262048
6807,43826612
7041,97999269
11121,69367385
10973,78861777
16682,82967675
8074,15611454
16225,97423264
9673,59651767
7615,71331192
13049,91660598
11452,73563294
14827,74453359
16478,35163370
10077,69485228
4677,46799498
11388,71421924
11647,11414523
4824,25922593
8414,34836949
14510,53083291
16767,83774541
9066,2124695
16192,19674123
4302,54654614
5773,84065988
14553,92757593
13602,31114929
17339,62912559
9499,87953362
16798,75997267
10382,18678569
16616,4932499
5997,81223540
3945,26202179
13617,79124752
10713,45593530
16680,57892235
3906,37312713
4426,43709669
6400,18367441
11902,62083534
11996,24006584
6273,79857132
16668,7651892
11539,63845454
16385,73482071
12890,1647280
8879,86290996
16032,148534
15812,18716451
8564,97154412
7325,18396640
16364,15637014
14171,4344859
13213,56734923
13820,1128637
17473,14453893
6405,46407459
9334,37666792
14404,17947726
4665,8360036
16883,94591740
17310,60266724
13772,58632964
6230,28015792
9100,77569743
9823,40795655
16623,60797178
10232,8502006
4585,96071176
17279,95159259
10879,91041746
4995,35879546
12452,77204071
10486,51106436
10158,5696294
13079,60316979
4925,82993209
8102,59558861
4649,84702763
9857,96748454
9898,90184685
12794,21835821
5627,76047368
6324,25469797
16290,18361082
14159,58494846
5514,25668797
10090,6826675
11101,83466058
4983,76756136
7879,44839659
3545,16222012
12773,19094166
3484,51887293
12562,14012914
11295,71212629
8470,65388142
15840,88007423
4986,26670473
4766,55336356
10655,60284066
12760,17042206
5430,62300447
15342,81017721
14198,16512695
6649,75125781
5722,77301934
12031,30503335
11436,44825821
11697,13322990
14766,29755438
4112,70779366
14964,5900689
16320,34975853
6236,23133368
3027,84053064
8912,7515512
11859,21832082
5953,90601198
9427,9607778
9118,75257432
14373,36886436
7175,96501493
15392,12478731
16284,12456292
9024,35014677
13446,6962237
3059,87675809
10242,98922236
13312,33886008
16019,51170446
16128,56306791
13874,12558648
6096,37931550
13165,61697348
5169,89628275
15671,88334626
8290,22924030
14690,13069314
17361,43028720
16765,31236586
4306,79695028
10363,89395080
15654,6987324
3991,8479619
4894,17829017
13611,38804979
6258,66729129
12223,14114508
9156,68007549
4700,55425489
11076,43067696
9447,98184508
15534,15300136
15516,32640843
17234,22290631
13018,43030305
4066,32342212
12054,17261036
6928,26651089
2998,47136204
12165,48339200
10433,7506098
9506,52841501
8780,86125311
10635,45889202
7373,2893040
12517,57462615
3301,40654317
14147,64624261
17037,23567761
8880,70048593
14090,3988287
7049,63727362
12571,79623418
2686,81913736
5118,69077130
16976,48267940
9623,91107920
7578,13146621
11742,86089606
8550,40574962
3923,50350057
10672,16842282
8591,98854845
17110,69066492
5717,3690578
8661,20781268
16430,9398098
16082,87622669
6407,13807220
12951,7759282
6194,81110654
17192,43857008
10043,52702279
7627,36569418
9816,48775440
7070,85896561
5982,68387655
7456,15808972
10587,87203536
4816,27359605
13528,73365507
17106,56691646
4669,76702352
4902,25043991
13963,33617376
14772,87053911
13205,30661120
8293,13557733
12229,44697664
4291,1496523
9297,90904559
6569,37117295
15178,90132034
11400,19113593
9869,43777055
8038,20251809
14091,56074518
17016,26404552
10116,944731
3802,41045461
6902,66585463
13920,20563924
16957,83788465
8582,58215985
13224,25044942
10983,12602750
14060,61649817
16359,85986259
15877,29737056
5183,18857554
15303,2031257
2927,2638313
2511,65121120
17450,40262021
3572,57435085
13606,19975553
13149,72254997
12089,2993609
12707,40866435
15983,57067468
13596,10707479
13803,24404904
16433,8853623
5150,68574125
2684,69625487
11070,26970340
3288,74837697
15159,30978606
15299,58849538
15346,65928439
14606,74091075
3742,99245865
12777,26888384
12294,5736327
16829,88449473
13166,29150809
7501,35872602
4498,93208805
5972,32612571
11253,87734708
7997,11372884
7397,58349128
4574,93709650
8401,29319716
4127,79648985
2884,74014972
4859,46561810
8279,98762123
9937,97631677
11774,25954103
15814,49218899
4147,61523262
6908,79539266
5755,57731494
14707,66428045
4195,76875745
6731,58968025
17503,62018222
15207,41855146
7230,83378640
14228,78769111
13098,88224700
11694,33923586
2815,90800602
7902,64140393
3931,11411493
15491,66012055
12670,45592370
7750,86735104
15376,542862
10725,39794277
10738,37678195
7870,73385114
5408,50395292
12252,41146199
12408,59743457
14544,60321781
7142,31080305
16831,87699461
7439,38007322
14297,39040009
5760,60251753
12883,64700986
17034,3211043
7926,82551173
12798,71893104
7688,99076672
15759,61463474
4524,43721683
9220,241008
9925,56741760
15701,19962647
13775,40768230
13843,46752572
13724,78159764
13840,16249949
13593,63219620
12277,6376874
7630,28415785
10903,99379717
3603,35921363
12963,88454845
5105,62482647
16287,24487270
2597,88380643
12932,22546607
5516,47529242
10378,55882186
13814,17000353
11534,78080755
4593,91789999
7660,58064223
6043,92402199
5022,93240986
9164,1329399
15919,74991723
6817,40587689
4413,13211617
13905,14879300
10976,15798657
7909,5840832
11376,59203685
16145,51771393
3999,40342364
11644,33674351
14146,80379926
16106,41527564
17388,46374828
3140,64976295
5254,70424109
3324,72572881
12724,1241188
9813,84525587
17380,52052484
10883,14055030
13536,90031293
6340,34768837
10042,33039711
9481,68446082
14081,48463677
11287,39611789
11399,74728260
16349,74603604
16995,91664619
16505,35847757
7288,47237182
14324,47859909
16807,74451218
16538,18089158
10804,54164238
5522,48010696
17519,37506448
14106,26561269
16637,39099403
13932,94043613
11161,73493410
7827,75883197
15904,22348106
6981,45479362
10785,28469668
9976,36751122
2581,77809586
12877,87964751
12888,24431776
17544,13039707
7103,78260742
2758,83898987
7914,57222151
15565,85193366
12589,75003022
11519,38089097
3995,75339477
16672,29483697
5820,95745138
11072,31231518
14478,2862224
12600,28624086
2572,44870176
2999,62299476
3872,83763193
15561,26728413
13535,89500855
11151,88292853
12049,71046061
2909,79996200
16507,94119553
10887,58767113
15711,47066990
9977,13987574
7284,78641092
12109,43873900
12833,12197950
15284,28586461
6008,70713557
6058,98818550
6033,30211719
3614,40120488
16786,78563898
9072,1503186
3379,64235925
10070,60692550
8126,43405992
4224,46717670
16152,53821030
13584,3804572
9557,57455686
11219,76417623
8770,47115893
8265,86589381
8606,15929477
12248,42142399
13622,55648668
16512,61955727
13219,98218653
4121,97270445
4436,28643636
12081,60872955
3665,50269682
15823,95996417
5084,79554475
10653,30949713
10581,63503153
4347,45843938
3849,99547728
2912,37417585
14931,73770462
16396,27194710
3323,78150132
11662,25820516
13192,86070470
6851,48335575
10928,84900135
8915,35378598
11912,35765084
2919,10734602
6800,27108128
10734,79155773
13426,35332136
11617,15834287
6982,87234641
15752,44238280
16632,25347165
14773,81748063
8889,69265874
8446,58030316
8141,75467729
13081,35621063
17368,62768070
5413,84246097
14223,33443964
12537,98322202
5592,87161328
14237,40305884
6595,9852187
4159,673674
15761,25711355
16455,59214865
2569,17457283
3844,21415979
8143,24024697
11269,24450941
6494,589237
3784,40135204
17181,70143254
5400,52777443
13100,74308130
11945,19305158
7814,85612243
2861,10834599
9261,48548428
5444,99013696
2846,7432568
10745,43880354
4616,49586602
17222,49063309
11309,50238865
16464,73853
6691,66946075
9597,30449705
16127,38653370
8768,25648475
16636,58749349
11786,91891358
2519,39073434
10480,2872324
16200,94740762
7170,71235556
13868,97605117
15197,51277385
17596,95156088
13460,15001480
14062,67567353
13947,93644058
16996,64319554
14986,23118509
8107,15132112
4684,64212965
15382,27219985
17530,58601519
11748,62815158
11854,68219833
7984,11372467
9353,42781266
11770,97584712
13145,85603500
8285,75476010
10217,95747349
12234,63782017
4509,4293200
16319,10782433
15937,57359352
13739,61115287
15957,20016140
8185,68526139
6498,11627184
8841,92480020
14330,95175130
14806,7787235
3409,75407892
7881,15420049
9318,42507058
10916,69058591
6892,52526298
15665,74362826
9269,47983252
13607,6660434
7674,41022233
10205,19079261
10256,75529962
7119,51767117
13867,98447567
10801,14164891
6914,89142163
3854,63261191
8008,5141286
12847,53389451
7921,72036306
2580,43857193
16480,98498015
16565,51822133
11640,70521397
15512,66420648
4271,76888724
14703,82352363
4904,99575598
16057,96560569
16559,76659335
5324,97917736
3108,13382365
6988,5977877
14913,96985206
7737,95373583
12892,30288545
17683,42435818
6034,14167761
11419,64747820
10989,88861048
10820,42348325
7389,82573209
13543,50166241
11903,31346074
3650,21484434
13881,45614220
13679,63538019
12359,69428076
16114,92986612
15506,66663447
6339,72203702
9115,80412061
12110,37534387
16005,45840156
8228,74235287
16050,68382081
10814,12788900
13146,65274520
2465,98951263
15095,34327228
16522,78661906
9547,24107097
9405,81532712
5225,54707398
12446,53581377
2659,28392774
9744,85502162
17213,19149062
7076,62936749
7290,78939178
9777,68605316
9097,6155167
8119,46331408
11319,90935609
2799,13283967
11888,66343017
7600,90586720
8548,40180610
13516,85137429
16655,39320963
10150,70274572
11485,75668712
9387,21015677
11978,67513988
15439,29496685
16800,15019902
13921,76914424
7920,33726964
5526,95203928
13495,2375695
16157,62613663
5468,25622485
14334,31506125
10207,93257348
8332,34532332
14137,43068839
6965,16450086
17015,30902953
13435,25931071
3502,52728690
5364,16897726
11385,54622968
3340,33736604
6594,65393115
10281,45675935
8302,64838536
8442,90438035
8855,99280685
6217,23527323
6686,75351897
16962,7840439
8495,6789598
7305,97940562
4190,23430310
10953,65930853
3244,47462356
13314,63641084
15509,39686017
9252,43728721
5392,5966663
13221,97835744
7648,84818771
3196,4366769
14602,19668094
8599,57786723
14724,34102811
5923,32687218
6013,3108005
10652,71070284
2491,65887150
2993,55388755
3604,15349479
7352,22032566
12662,76909946
15845,41201157
14217,71690947
12143,78864704
12872,97372866
6128,70628403
16119,27061267
16146,37397588
11956,20282258
2937,15084628
17327,16063956
14382,90081583
16271,20230827
10477,83861178
16599,89079055
10316,12084969
11355,22406614
8511,32708002
9990,64090922
12522,79926508
16876,94394083
10444,18820313
14184,48791768
4410,74161559
7586,20862771
2817,8969251
11263,77404494
2819,78693063
8496,94883415
3038,46824538
12087,46716329
14341,21612478
9722,76656361
16391,88671243
3354,73378389
7511,33679122
7118,20860037
6241,4357220
4448,55880631
8544,89870189
15335,83076329
3577,82574402
10103,20402800
12913,5583880
6157,87781216
5495,38378517
15687,1974766
8885,40620041
3646,21960193
13191,58686382
14080,32987854
14023,42657400
14219,86981790
7552,54808636
8066,97398929
2555,85802089
11500,43704290
15974,13278226
15286,77711186
13539,78912842
12851,83327188
3555,20269075
16029,70781773
14242,90035194
3664,72522672
13378,12158052
15723,15691451
5679,60918792
6243,1243539
7233,1121877
10554,31542157
12886,13769361
16278,66523681
10602,86927237
15452,32357705
10560,27066955
15166,44944574
5834,88791646
10441,76775954
9751,35339315
4833,75291945
16600,89990682
10037,55563794
6088,55761139
12398,94111050
17141,49506499
11248,13980435
11146,126685
8847,71218548
5806,38711350
16859,83422699
11631,90973517
17715,10738272
3089,92231638
14031,87071061
2603,68203037
2989,38019093
6470,76668332
3370,38767889
11166,325992
2461,60010014
7263,47798201
4140,36386015
10971,97661058
13907,48841735
5833,83971253
4644,38281932
14793,52436196
17570,74740952
13226,4678095
4938,48871776
10132,15560812
15433,81308510
16265,81869138
5359,75184695
7733,85801824
7978,95232252
7625,28922728
4688,61342602
14915,90787471
2607,74419525
14651,70034639
8865,57136585
13561,19576855
13233,46794023
13641,89438922
13769,68937339
9735,5853975
6265,63770500
16042,79170251
13296,51492457
2867,37045480
6044,66820318
12411,63668642
11205,45563875
13845,83582471
17179,70070730
12597,96343219
17164,77062701
9275,9396942
10426,97451113
15664,25809259
14630,60501821
16710,97964608
3426,98377286
17524,13149053
5801,61551030
9217,76394392
3505,81324596
11085,38543955
16428,45369922
5974,75264826
7780,21060178
10839,16489443
15525,39807498
14180,51730367
2646,69485810
12203,68959827
4105,34362084
9480,24955609
15790,92288135
8682,53481487
12001,10972052
3705,53159778
5266,58070394
14133,39845444
10418,78733899
6944,49864562
7367,53003846
11075,15380853
5906,59919623
6983,86029154
4052,8873078
6715,77700278
17079,11257978
6109,76513680
12994,80342116
16300,17977294
6247,44469735
3775,42902456
11172,96385166
10930,69059549
16569,6135629
13521,90631148
9426,45374712
11974,61142124
9918,81846150
4143,20084347
3720,41209034
7330,79835986
11803,1507654
6256,54335539
14196,41884049
2886,3862425
3139,77575776
12767,46730698
13807,64868170
12407,75760143
13215,31301892
7606,52490471
14747,9367975
15939,78122127
11923,49935212
10510,7841098
3718,92713527
14116,3990331
9702,11040745
11964,11620725
15690,69986995
11710,1919272
9063,58656255
3776,5753235
12865,28311822
10777,41043186
15484,37003699
2708,10030006
10534,68026205
7068,4759153
6841,34632909
13306,41193872
12996,52683889
3861,86323947
16603,73730937
14776,48931971
8583,75468340
15846,67159948
10149,72117149
3425,71774951
13519,88529806
5167,12555431
11743,15388665
11071,59148233
8949,72473030
16549,40766552
13806,68956954
5081,85124370
11775,16848780
17238,36136575
15668,8804287
14472,43374987
2990,88150512
13087,24280227
4487,52896623
10199,44131856
4390,6804254
13254,91953955
16236,82424491
4054,52848470
11695,40389629
16828,34180144
4941,94185684
2489,50991474
6117,20788763
6712,20900453
8572,50309867
16825,68546185
9646,38757901
15824,813721
15061,90009461
14356,83008132
2811,92698590
12478,11849678
2610,15588249
17542,81017511
9942,42390697
11605,2548182
9471,19930958
4489,98212721
16602,31382092
4519,75248831
13477,36620829
2732,53858390
7212,58702267
14778,18322038
5021,40015855
10854,21177803
7026,91305624
4433,30263098
13654,7078827
7143,3314671
8402,24456442
17407,12162980
12176,49871523
8947,34891565
14820,37997316
16596,97428990
14770,92098160
14320,15823410
9182,63227751
10759,65272790
11156,69425607
6847,49538079
11980,6808845
9562,97853642
11821,56710727
3774,40331651
15573,100232
12657,19951918
17249,37315379
7012,99471101
3192,76711115
8485,68347902
7800,29345861
4855,43909940
6491,49059690
9633,70432284
5375,66588850
9186,48463652
11583,96767062
11874,71498762
11530,34140209
4021,13847200
10098,91116192
17713,39205994
17223,37038938
16141,21243196
6959,1923959
16432,45284958
14563,33532410
14014,34572080
6882,16036811
4551,56740815
4156,68418334
15175,70129362
11653,77800173
5568,19557289
11543,5209885
10834,88574595
13212,96464373
7927,59789086
12163,91145656
6617,99643045
14848,99324212
14293,67151120
15900,79893992
17457,24686537
14156,60571553
2902,1437530
2634,51262172
4503,88548134
13189,41278353
7873,26184588
15702,96202726
17400,78755702
8156,3167871
8273,14814452
7830,87951625
4148,76852930
13359,76509062
15866,55310585
3901,26481284
17536,9679400
6782,86831961
16006,86038997
3144,28257780
4520,66170626
8447,6012423
6909,14599721
16880,34295324
14213,23952676
9039,20837201
7693,74785384
16503,6542799
11218,96109455
3029,91856364
8528,611973
11003,45365111
14168,24169427
12631,29231897
11054,16995227
3566,3426989
9301,85912752
9955,49051786
3103,71881497
10588,67119699
17298,35007888
9356,83976446
9723,27222274
13293,26166635
6428,79542350
8927,15252893
13721,18002735
6963,36172158
16104,24481843
14927,56314892
17349,96132592
11682,21272089
3220,99179890
13321,44441608
4149,25541671
13288,17652570
6331,85667950
15002,48050776
15719,61218021
6127,27184736
15498,49505647
6729,37355085
14130,34406696
3181,28410540
7031,39406174
8617,60561019
10464,60419485
9219,1757511
3207,40103435
7629,24899155
12059,27918762
14054,44119647
7131,86314566
3565,49919106
9537,6789563
14094,4578656
14889,75206757
15842,8504433
4691,99711578
6159,32640910
6413,91526220
10479,9284744
10963,11054094
14253,58319510
5678,70339362
17022,75191782
7672,61479552
10648,39593310
3610,35408334
12952,68102602
5619,13330802
11278,16077463
8295,1077666
5697,47823530
12703,883232
10469,94614663
12473,27366419
7257,46921836
15724,63153683
15769,31261087
5075,69308290
6261,86263935
13135,87681810
16143,59419508
5292,87883411
14663,61256362
17537,46444891
11679,71975121
5793,42594241
5692,65142395
6290,16072312
6130,10312429
5567,4019236
5312,29014103
7641,82146543
8207,20312917
13911,98366851
12075,86950005
9954,19015699
13102,89298250
11657,82329833
9365,33606546
15757,68252056
13311,6471432
13084,80637013
3519,55464604
17418,44022552
8911,99296085
9769,43387220
15521,80620690
17440,41907106
13104,63163350
12352,79878171
15782,83460840
3874,91914151
7562,10052744
4576,69829402
16340,51596772
13139,86616959
8961,94947074
16293,13464187
12336,47507109
16533,68937393
12698,82767412
11501,47823373
4096,5761049
6957,8658559
4818,9578820
7418,32472594
3133,76353534
7342,65704239
7521,97295969
3576,24690551
3422,33435649
14748,3472374
6551,75664535
4129,98268029
6239,91114018
13570,21732450
7193,33535739
4711,23726195
15965,83992085
16316,44852434
3708,12369516
12696,92440977
6585,16113847
9848,88573477
10819,99856707
3701,36847606
10542,65528786
6292,56588413
4393,47190770
3806,84568910
9044,20451262
2628,8740210
11911,65201721
12210,15457757
14876,94509968
14641,36390510
6542,19281171
3014,53045825
17729,38660137
5615,68374487
5182,25135285
9207,54255572
13971,80628811
7453,12677167
10162,81765367
13086,62240530
15218,13786194
13858,41351770
13040,48518771
2901,51188979
9010,19616397
6788,39336285
15038,58411991
17254,67549343
14938,38857972
17464,71183995
15743,37477829
2599,74578818
12276,49734959
7248,89924619
17483,52367454
5343,69716836
10171,87489151
11222,3133100
15836,64756497
17663,9033962
16594,7444686
7089,73073265
6014,80998465
7661,21175880
15772,45904247
12265,96600723
17071,41295567
15813,36809484
10666,66444126
9527,57240887
11785,46524412
13915,16183506
15445,12710765
8055,44937618
2619,17701947
16009,7090689
8517,76301411
4207,22991032
9229,6443726
5437,26136290
4906,90829071
5051,8861966
4929,59267797
5040,59357262
10362,99253378
7269,64695924
4046,73215049
3669,79809971
5964,38325005
11029,61653104
15268,45626992
16948,27774776
13152,99344092
9181,33583973
7172,53779307
5233,75937497
12151,24131726
4544,23747765
4961,78113254
11129,8755100
6871,11957720
4567,46967501
9419,84663687
15210,76865443
8454,65821947
15838,61771359
3101,92217189
9642,29146520
3236,68337979
15528,23501522
4443,79684483
15163,51283349
9991,39486792
10850,41552997
16779,4856162
8222,34038931
12330,93570421
4470,47549426
3987,93578069
12805,41227994
13475,38626119
15737,8499250
4821,1956300
8684,90947228
11907,70750530
11493,59792046
17532,98967604
9021,23492127
10906,69356745
8632,54557460
13496,86990873
13711,23200718
17591,51917220
5800,44326784
12048,16413862
8826,76486361
7519,54167531
6999,69178149
6061,30892942
13420,71198703
16155,59195522
2869,38026837
4002,50723082
14625,63333559
6948,27101477
13892,86281450
7265,63826257
12456,18058524
8730,40238104
14017,55563816
12438,75215181
10203,50261767
7159,95529280
17027,78386115
15167,687444
10583,5556234
15293,28250185
8246,53464404
13452,79898826
10074,53348880
9298,32672616
15487,37866063
9912,47013669
11670,93216963
17216,17488702
11155,19546390
15174,16997725
13068,73360729
13453,57882772
14782,64931344
10579,42184404
14465,86453634
4388,98808586
14265,84379425
11126,87133730
12217,98235950
7747,99170733
17446,1185977
3377,32964095
13116,16288207
10291,40782960
8903,93022631
14935,33137571
13431,72097530
8490,2766069
7266,47154497
13562,14330533
10846,81047289
13832,70103863
16929,6750293
6916,46379734
13012,9382325
6590,85896468
15651,68562351
8994,17417057
8542,65476468
10735,68350325
6951,94271893
13759,52518426
10935,33085011
8926,93635966
7895,29703346
4053,18414086
8051,12564368
6856,54596001
2814,29358898
15426,74185893
17433,15009419
12710,36978060
17138,84312001
2964,96248448
5647,38558853
2722,22268608
13153,59120459
14188,90392816
4592,21531680
5076,49991424
7238,40746665
17506,20946264
9690,55512715
4920,61492707
8635,98818261
5440,38000220
12803,88264229
9510,34154307
7678,79748590
8281,4914270
17267,18353446
1052,31070290
1055,36576218
1076,13019246
1096,85873822
1120,40473597
1123,35897889
1129,69335201
1137,11785766
1148,2731668
1157,29866640
1175,44450182
1183,12166935
1246,23723835
1266,21306208
1329,14432367
1373,16155625
1390,90643694
1398,20817328
1403,85600378
1477,30897538
1482,26727644
1484,90549376
1538,38314868
1540,70324942
1554,93324532
1558,73240494
1577,94501521
1596,98956903
1601,42392925
1676,38855281
1696,4192776
1708,19776959
1718,24449528
1735,46720661
1796,19484369
1800,93962190
1830,2692174
1838,45355920
1855,35065285
1889,33305896
1912,33549304
1927,86263360
1946,79634484
2011,49828770
2014,81524471
2059,26686759
2079,94751899
2093,71190814
2114,42907708
2153,10947246
2201,1754316
2206,7611264
2232,88909477
2273,79789882
2324,51605368
2325,15483255
2330,14264983
2358,38891517
2362,2524501
2391,96746978
2394,25804784
2427,61548070
2433,46384821
2499,98910785
2510,25343619
2536,93010307
2537,80316896
2547,53056499
2556,11116070
2564,6791614
2571,59074625
2573,54684376
2602,3857914
2626,93501143
2668,32279473
2693,79695709
2710,53986240
2729,22325593
2748,39305457
2757,11982755
2759,91032051
2777,23385798
2793,3962187
2850,94871709
2856,56585603
2865,58326629
2881,98864382
2900,32526480
2945,79979173
2980,91384227
2986,3668188
2991,66874216
3001,74653134
3012,20963581
3049,95156686
3113,77278903
3149,31686665
3202,79228664
3253,82593679
3262,51359786
3265,46468801
3267,37194959
3298,84793403
3300,64518558
3307,1013840
3314,48649000
3325,7111410
3329,15057210
3363,63940710
3380,64897258
3381,60225295
3398,29207606
3434,58202628
3469,91448870
3480,18938143
3481,22342478
3525,99782481
3533,7774754
3547,62657714
3556,95783754
3582,12876299
3585,95089819
3596,68305518
3633,7464215
3635,88780968
3644,2031895
3678,42210019
3683,97578906
3686,12226113
3709,44018535
3735,10462497
3748,44804028
3754,41625105
3764,5964163
3790,5257084
3792,73664028
3813,70843256
3833,56651319
3879,33322934
3909,97064448
3941,90592634
3952,5173431
3955,53171588
3976,90606714
3989,52378710
4015,88718294
4039,1092506
4059,63332222
4211,94010159
4213,83217570
4222,56354390
4226,81724128
4254,71691003
4304,67559740
4321,7898862
4326,40585924
4338,83525469
4358,35889261
4366,1656199
4370,90630363
4471,95467555
4499,48642519
4557,59610131
4564,37383270
4580,89852776
4588,83005423
4599,65133228
4620,97932524
4642,85997860
4675,71169084
4695,12099465
4725,69847296
4749,36707466
4752,78800385
4771,92261196
4806,22972803
4839,41816260
4843,55487139
4849,31358255
4870,72243587
4893,64434085
4910,94470018
4968,79680268
4978,14387658
5000,94090755
5015,91637486
5036,37383646
5049,50596473
5071,17457995
5087,89068512
5099,34184703
5124,59247445
5137,26364642
5165,60770631
5213,50438491
5228,60874087
5252,38632738
5253,99660408
5262,19540286
5286,86541440
5310,78100370
5313,35887880
5350,26793140
5374,80010991
5383,37396146
5390,44833415
5423,44624421
5429,79584081
5472,55328845
5479,88142525
5509,5824985
5542,3540729
5570,36427362
5591,55043020
5611,84704502
5618,98679888
5668,23553965
5675,2815225
5683,18521563
5685,84417285
5702,94678017
5713,99677413
5749,50580252
5756,9535952
5831,46999604
5855,50720561
5885,66350982
5902,50195233
5916,65542430
5940,23591430
5985,83665475
6015,29148852
6059,87647473
6087,91935601
6120,10969717
6150,96334350
6173,17140468
6190,88622778
6227,71774295
6248,73482836
6249,63112874
6269,98221664
6306,51868275
6341,26640022
6356,98704261
6358,4422643
6385,83682703
6410,60379296
6420,45319924
6451,41012679
6504,75175239
6520,46719325
6532,19353786
6574,41268597
6624,76000723
6670,482812
6688,72383107
6717,6384021
6718,40775146
6722,17011617
6723,46811673
6763,50207791
6776,71809475
6792,1499229
6810,17108554
6819,21612253
6827,95544394
6838,78289449
6846,82228402
6854,79986569
6869,42386954
6898,91298521
6927,85602995
6931,84117366
6940,457994
6942,76441400
6943,82629068
7099,17221382
7113,11106833
7122,29167424
7128,63026530
7132,35466760
7151,63006864
7167,28687146
7204,63097948
7205,45305263
7231,40177943
7250,84087921
7285,79679776
7298,93826871
7326,13105848
7337,25376445
7357,9510650
7363,94518652
7396,20835760
7411,26281716
7423,60211357
7458,21902715
7470,84220522
7482,92359718
7503,9594858
7504,77013999
7507,16244957
7526,73176866
7529,97138238
7547,25341779
7551,77844213
7554,58092267
7557,98353679
7579,18009243
7583,36698202
7605,23900143
7635,28859142
7643,3158500
7650,60191730
7667,16690096
7669,8216767
7675,11477901
7702,83517791
7753,1059619
7762,38519061
7773,99945426
7776,91881288
7795,40408877
7833,16828168
7855,63735130
7933,69701968
7940,54556986
7969,56250037
7989,73426017
8020,4849628
8021,51813937
8024,11027525
8056,15797983
8069,70843085
8101,53185416
8124,5931519
8178,89112419
8216,43174119
8223,46986347
8256,26884265
8268,16857798
8269,66883618
8280,4747920
8286,35475053
8288,63072283
8316,57649930
8335,54702699
8348,98525048
8403,54500283
8405,61946696
8409,22203916
8435,42029792
8505,11417219
8518,11152989
8534,63556050
8536,81069192
8579,32184665
8624,45008510
8627,60946836
8646,3477792
8704,12590041
8760,31923135
8775,63101862
8810,37797939
8813,72051117
8816,56325308
8849,49980934
8866,4884461
8890,72477519
8909,99824504
8922,30215114
8943,75314683
8948,14721714
8974,65892947
9030,42499241
9033,37589818
9040,76798345
9046,48597343
9059,95571725
9062,53103665
9078,3847869
9079,62238689
9088,12414434
9112,28219185
9150,58908765
9154,59689657
9208,61377776
9254,22596297
9316,34630537
9324,21054643
9333,65968362
9372,12013745
9415,53055010
9429,36262863
9496,32517167
9504,95246320
9517,40364009
9534,25739219
9536,90400111
9575,35481250
9596,88150787
9606,1557514
9645,10159330
9656,92973549
9685,34173471
9709,33294675
9726,70948579
9759,37379940
9783,83323527
9806,19156428
9811,71858090
9818,4971260
9820,49836014
9896,27693969
9904,24414855
9916,92605694
9951,4819445
9959,99278032
9961,24574928
10009,42397372
10088,53744699
10118,2620364
10145,99870409
10151,70953816
10182,54143773
10206,58070970
10212,19865300
10250,54438043
10266,13714375
10290,96628669
10293,96439390
10309,95727059
10315,66874835
10324,79133997
10347,75463349
10356,89995317
10360,37185846
10387,85387263
10414,6751028
10437,79223069
10485,33467278
10544,71744278
10545,9375123
10561,25466830
10566,49958310
10623,76091711
10624,99810440
10641,36742905
10643,12714810
10658,75919383
10693,59199295
10718,30990954
10722,30866182
10723,52650327
10727,28843659
10740,92272606
10782,8130620
10788,14552009
10817,99291998
10826,49270742
10833,93514531
10843,86551930
10845,38101805
10888,2603252
10909,7352020
10962,18962356
10982,9326568
11040,62430037
11042,34867554
11057,94718135
11067,91263533
11078,68653418
11096,67389419
11098,6160009
11113,56073906
11134,16195655
11136,95734
11158,902852
11170,97149678
11177,48933238
11184,20100548
11215,89577236
11224,69157256
11228,74145224
11261,24364710
11276,43237134
11347,68829503
11392,56497505
11487,81077025
11509,95671199
11526,92475932
11563,53129008
11639,79720770
11651,32274709
11678,24214379
11708,6922613
11716,47542438
11758,13572575
11761,71479084
11771,79467015
11777,40099669
11817,76319723
11853,26638036
11855,14991736
11905,52749135
11927,50159465
11937,8164576
11952,13194790
11958,71665624
11965,68160530
11985,73085034
11988,15083769
12003,57954535
12020,61398489
12032,28131962
12034,70085539
12042,41459083
12062,47416714
12066,78522335
12094,50312710
12097,55695939
12126,19680715
12132,17029657
12138,85836145
12156,80901605
12158,51352337
12180,72148652
12198,91157421
12228,8405251
12255,15069458
12307,40973865
12358,84201053
12366,94896273
12418,27866546
12425,45737792
12460,75689724
12470,68846381
12471,15139775
12479,29909213
12505,66979094
12518,36850660
12525,41412853
12551,5372680
12554,23908655
12583,68382413
12585,39089688
12626,50939687
12636,41209333
12641,54542195
12644,18504319
12742,4538817
12751,30553535
12782,80569890
12806,67076060
12849,35411565
12858,83592544
12863,63110407
12937,61608069
12948,4692587
12962,74672725
12982,56756741
13048,9850932
13073,41896886
13082,16502540
13093,60291117
13099,17586869
13143,29595537
13147,86960792
13182,58944072
13216,90601738
13234,65866167
13252,95901057
13260,68400337
13297,16819761
13298,69386130
13324,67684771
13329,52377382
13342,71368991
13357,33026437
13386,68472985
13405,53461365
13416,80203386
13432,6501910
13456,53008881
13471,42024427
13511,59390676
13512,64238872
13524,54053488
13575,67069900
13595,12650502
13599,33585579
13614,79623078
13626,11162213
13653,46345753
13667,33767449
13694,70780392
13726,65046804
13740,21302074
13747,61251212
13752,43457081
13755,82188830
13792,46923258
13817,73043634
13828,33118514
13844,94587759
13850,4641956
13853,11404317
13859,27871983
13877,36174804
13901,68301718
13904,86700866
13913,1511107
13951,25814865
13981,55464638
13992,87443909
13994,928372
14035,18632374
14045,32602581
14065,19392327
14093,60984770
14101,45823183
14126,6036925
14191,40253147
14205,51729759
14212,47671794
14222,70119418
14224,89439583
14257,30077163
14267,63683528
14273,41049428
14394,50080502
14401,99481184
14417,73333962
14452,66617753
14456,5517106
14460,40139948
14488,50504638
14515,83741755
14537,18734705
14549,70737186
14572,29821667
14577,74610006
14648,87900208
14653,67927322
14674,11134173
14708,21825097
14714,69844470
14737,21715005
14755,39112878
14792,27377487
14795,78019140
14804,32768905
14816,20863216
14862,31520129
14868,33277309
14892,22668446
14895,20546056
14904,78724144
14917,2329213
14920,49344608
14925,79627600
14928,72507814
14932,95959139
14945,69038863
14977,49071318
14981,41674821
14992,64572620
15005,46720499
15019,70716758
15032,34853317
15037,53545144
15057,8589870
15074,93808661
15086,70353507
15091,81378631
15102,84670689
15108,81451499
15148,13865068
15176,82195167
15204,52509817
15205,38130546
15214,45820585
15220,54234815
15230,9360921
15301,5457378
15309,92734300
15323,98492211
15350,16327433
15352,39586776
15367,46841278
15372,87609035
15385,60316423
15391,68981329
15397,79669272
15427,52463130
15430,96103086
15441,88954607
15464,82398649
15495,8281542
15505,54351839
15518,46898834
15548,67912723
15553,45104904
15571,67677296
15572,49084845
15595,1086789
15607,68231252
15621,49265863
15630,18795683
15633,42008760
15637,18446727
15638,1281465
15644,32246934
15657,95225343
15715,23740761
15731,35023462
15739,12710693
15741,83412723
15754,83429686
15762,80477165
15783,737260
15806,76657551
15828,49807867
15851,47717576
15883,92714274
15936,37762363
15982,49039144
15988,1322861
16003,46300235
16014,82844177
16016,30701747
16116,5339405
16144,11191813
16172,45093770
16175,71868914
16188,66120625
16210,8899364
16219,1361472
16239,82746021
16266,66918659
16303,46902914
16323,33298076
16324,85551131
16329,85241043
16383,48263427
16398,97021251
16427,94791283
16457,20893646
16459,21780374
16476,92607704
16511,81658902
16532,19458762
16552,73117711
16580,57037527
16609,58692744
16629,9592507
16641,50955478
16741,10605289
16773,92902649
16796,28288939
16813,153699
16882,61109410
16902,132138
16960,53056218
16966,12680656
16968,31355433
16973,64444261
17010,36055182
17048,29388953
17065,57458614
17108,88210440
17115,92323782
17146,6653949
17150,7592433
17199,4852399
17233,21701016
17240,15712759
17251,72395545
17256,70546730
17259,40911069
17264,66462511
17319,40116906
17331,68065515
17335,25258875
17362,19347567
17395,39778385
17454,87588715
17460,74072591
17494,3505966
17523,68053286
17548,53589503
17552,79385089
17558,6060268
17563,10831802
17569,17976037
17577,42840385
17640,57506337
17660,54939779
17666,63902505
17684,51806651
17707,27657552
17714,38887248
17744,75483330
17757,36080491
